Workbook

Sheet Instructions
A1: Board Remuneration Benchmarking Survey — Google Sheets Setup
A3: This workbook is the data store for the survey. Responses submitted from the survey form are appended
A4: automatically to the 'Responses' tab via a small Google Apps Script (Code.gs, provided separately).
A5: The 'Dashboard' tab updates itself with formulas as new rows arrive — no manual work required.
A7: SETUP STEPS
A8: 1. Upload this file to Google Drive and open it with Google Sheets (File > Open with > Google Sheets),
A9: or import it into a blank Google Sheet (File > Import > Upload > Replace spreadsheet).
A10: 2. In the Sheet, go to Extensions > Apps Script.
A11: 3. Delete any starter code and paste in the Code.gs script provided in the chat.
A12: 4. Click Deploy > New deployment > type: Web app.
A13: 5. Set 'Execute as' to Me, and 'Who has access' to Anyone.
A14: 6. Click Deploy, authorize the permissions Google asks for, and copy the Web app URL.
... A18: EXPECTED ROW FORMAT (example — do not add this row manually, the script writes it)
A20: Timestamp | B20: Institution | C20: Respondent Name | D20: Email | E20: Q1 Role | F20: Q2 Years on Board | G20: Q3 Meetings/Year | H20: Q4 Components | I20: Q5 Sitting Allowance | J20: Q6 Retainer Fee | K20: Q7 Chair Premium | L20: Q8 Has Policy | M20: Q9 Review Frequency | N20: Q10 Market Rating | O20: Comment
A21: 2026-08-12T09:14:00Z | B21: Amani Microfinance Ltd | C21: Jane Mwakalinga | D21: jane@example.co.tz | E21: Board Chairperson | F21: 6-10 years | G21: 5-6 | H21: Annual Retainer Fee; Board Sitting Allowance | I21: TZS 500,001-750,000 | J21: TZS 5-10 million | K21: 26-50% higher | L21: Yes | M21: Annually | N21: 4 | O21: Consider indexing retainers to inflation annually.

Sheet Responses
A1: Timestamp | B1: Institution | C1: Respondent Name | D1: Email | E1: Q1 Role | F1: Q2 Years on Board | G1: Q3 Meetings/Year | H1: Q4 Components | I1: Q5 Sitting Allowance | J1: Q6 Retainer Fee | K1: Q7 Chair Premium | L1: Q8 Has Policy | M1: Q9 Review Frequency | N1: Q10 Market Rating | O1: Comment

Sheet Dashboard
A1: Board Remuneration Benchmarking — Dashboard
A2: Updates automatically as new responses arrive in the Responses tab.
A4: Total responses | B4: =COUNTA(Responses!A2:A1000) -> 0
A5: % with formal remuneration policy (Q8) | B5: =IFERROR(COUNTIF(Responses!L2:L1000,"Yes")/COUNTA(Responses!A2:A1000),0) -> 0
A6: Average market-competitiveness rating (Q10, 1-5) | B6: =IFERROR(AVERAGE(Responses!N2:N1000),0) -> 0
A8: Q1 — Board role | D8: Q4 — Remuneration components (multi-select)
A9: Board Chairperson | B9: =COUNTIF(Responses!E2:E1000,A9) -> 0 | D9: Annual Retainer Fee | E9: =COUNTIF(Responses!H2:H1000,"*"&D9&"*") -> 0
A10: Vice Chairperson | B10: =COUNTIF(Responses!E2:E1000,A10) -> 0 | D10: Board Sitting Allowance | E10: =COUNTIF(Responses!H2:H1000,"*"&D10&"*") -> 0
A11: Independent Director | B11: =COUNTIF(Responses!E2:E1000,A11) -> 0 | D11: Committee Sitting Allowance | E11: =COUNTIF(Responses!H2:H1000,"*"&D11&"*") -> 0
A12: Non-Executive Director | B12: =COUNTIF(Responses!E2:E1000,A12) -> 0 | D12: Transport Allowance | E12: =COUNTIF(Responses!H2:H1000,"*"&D12&"*") -> 0
A13: Committee Chairperson | B13: =COUNTIF(Responses!E2:E1000,A13) -> 0 | D13: Communication Allowance | E13: =COUNTIF(Responses!H2:H1000,"*"&D13&"*") -> 0
A14: Chief Executive Officer (Ex Officio) | B14: =COUNTIF(Responses!E2:E1000,A14) -> 0 | D14: Medical Benefits | E14: =COUNTIF(Responses!H2:H1000,"*"&D14&"*") -> 0
A16: Q5 — Sitting allowance per meeting | D16: Q10 — Market rating distribution
A17: Less than TZS 300,000 | B17: =COUNTIF(Responses!I2:I1000,A17) -> 0 | D17: 1 | E17: =COUNTIF(Responses!N2:N1000,D17) -> 0
A18: TZS 300,000-500,000 | B18: =COUNTIF(Responses!I2:I1000,A18) -> 0 | D18: 2 | E18: =COUNTIF(Responses!N2:N1000,D18) -> 0
A19: TZS 500,001-750,000 | B19: =COUNTIF(Responses!I2:I1000,A19) -> 0 | D19: 3 | E19: =COUNTIF(Responses!N2:N1000,D19) -> 0
A20: TZS 750,001-1,000,000 | B20: =COUNTIF(Responses!I2:I1000,A20) -> 0 | D20: 4 | E20: =COUNTIF(Responses!N2:N1000,D20) -> 0
A21: Above TZS 1,000,000 | B21: =COUNTIF(Responses!I2:I1000,A21) -> 0 | D21: 5 | E21: =COUNTIF(Responses!N2:N1000,D21) -> 0
A23: Q6 — Annual retainer fee
A24: No annual retainer | B24: =COUNTIF(Responses!J2:J1000,A24) -> 0
A25: Less than TZS 3 million | B25: =COUNTIF(Responses!J2:J1000,A25) -> 0
A26: TZS 3-5 million | B26: =COUNTIF(Responses!J2:J1000,A26) -> 0
A27: TZS 5-10 million | B27: =COUNTIF(Responses!J2:J1000,A27) -> 0
A28: Above TZS 10 million | B28: =COUNTIF(Responses!J2:J1000,A28) -> 0
A30: Q7 — Chairperson premium
A31: Same remuneration | B31: =COUNTIF(Responses!K2:K1000,A31) -> 0
A32: Up to 25% higher | B32: =COUNTIF(Responses!K2:K1000,A32) -> 0
A33: 26-50% higher | B33: =COUNTIF(Responses!K2:K1000,A33) -> 0
A34: 51-100% higher | B34: =COUNTIF(Responses!K2:K1000,A34) -> 0
A35: More than 100% higher | B35: =COUNTIF(Responses!K2:K1000,A35) -> 0
A37: Q8 — Formal remuneration policy
A38: Yes | B38: =COUNTIF(Responses!L2:L1000,A38) -> 0
A39: No | B39: =COUNTIF(Responses!L2:L1000,A39) -> 0
A40: Under development | B40: =COUNTIF(Responses!L2:L1000,A40) -> 0
A42: Q9 — Review frequency
A43: Annually | B43: =COUNTIF(Responses!M2:M1000,A43) -> 0
A44: Every 2 years | B44: =COUNTIF(Responses!M2:M1000,A44) -> 0
A45: Every 3 years | B45: =COUNTIF(Responses!M2:M1000,A45) -> 0
A46: Only when necessary | B46: =COUNTIF(Responses!M2:M1000,A46) -> 0
A47: Never reviewed | B47: =COUNTIF(Responses!M2:M1000,A47) -> 0
